dggbacunfabe,1470993923
bmnul,678480035
huxxdgzun,1367714354
dfcodkhjuflrb,625023054
qowmr,1289902459
jl,1228255077
yuj,1347015766
odxyxnhzadlzjel,967979172
aq,240703665
m,758761432
dq,1875212587
vmvqkjy,193266920
bkcphjnxzvs,1286156224
v,986024839
ajwgeuokkk,893983935
qwrmcxtfsms,24017691
xrk,660215318
p,907935526
bqqgiernes,1127327995
fgsaiz,413652426
fleopoyrbexwr,1049812831
mwahykhfpsysg,146069503
d,654091275
dgp,1003296043
jzaslwxkernt,734573757
nneralanvribvume,1354354282
zuktthqfagjq,781878377
shashrofnbqlluvo,969941718
chrpafccs,869026388
tu,1560122750
lerjfwehthhbghus,865728338
hpbkvshkxijkvnq,524828356
anbtwufs,1601399321
ugzjymnm,89151431
xoytfqmab,1984655195
okalw,319134859
lurxeh,751998775
kafe,1794279134
mxqnaktl,1436795949
jicozozkt,121561189
wiih,411077735
mr,1915850530
uvh,255739269
dirrylriuc,1050187253
hswzsbvdoeks,595058398
wuyujxjmhextqkxr,1274086496
gaiqpwnmyolghsnw,1878233560
zrhrvvuiczxrkdbq,617986230
vkrtrluxinix,1542166050
yrcqczva,423555206
feshraaxbgbyiu,321716499
pyludyimn,1924502628
oaaggetoww,1992955992
clxrgzzkdtsmlr,198835611
fcqhlpq,1432679698
ljxmmsonefeer,1434375362
cmwkrkazjpolcm,300675986
zlnmbejslbderw,1814697776
wdwmsnvzvto,1490948921
zacccyylcti,1212180160
ugymdy,1260499760
krseoklgjq,1613677604
gfxaxjdzlzoruqya,72525329
nkbdqvh,399120517
bfylueixt,1240496146
c,1180461776
xpuotpuhuumnc,658487723
lsuriteff,550367311
fccbbrnpwhlxu,1026114347
ohvuwvihk,156967334
qixhieqsacyzck,653777747
yukpgjgyycngdjpa,1572995053
nydmlaudetrdekpj,1120340071
znmpd,1297869790
iihdovlwgrbsnve,635877969
lfdapq,396564454
mdnmsvkcdcrepbp,1308231700
upbtgibzdkmscvpn,1908451761
iwcxwsebtjuxdi,1398611761
an,169343360
qfwku,1787327157
lhwzxuvpaxwuve,1956657825
irsugicshjc,326590997
jnxqpfpzynzdedv,1118714581
tbivlkgfxncmcok,1724005963
qbi,1191962771
brjrybfkjpfhpuz,1097464654
lt,851165557
hmetqupwu,1313551394
eviza,1435352930
fmxcswk,518956388
hvhiegbcwy,1406726955
vwqeiucvwam,1643009232
szsyuuj,1979515505
avtseucffdisjbv,952951164
ndryhaprewvszf,1578988571
idjyvhk,784934115
ulkbpe,1782460540
xqcaceecoegrlpna,232919389
qbnzznhgu,248711140
awxopxackupnk,619441614
jsfody,964886645
btrrmsoexpwn,1412832263
ocyjmyullhvnurl,1806021993
ugfryrizy,1247015907
ejgrupnvpdh,481784208
skmlfhhxfzdheeg,1460760864
ogyhyg,67026110
zxmhh,1463242029
bpdh,397934186
djjhebrdjl,398438815
ehabqeilxwucy,1122392470
xtootkwqh,54938470
gftmtoirnkkhxdlb,858793183
kxirx,1989347661
sxnubpvjtyy,1941875826
shzjyrrlwsqqzbm,993688281
ofeoauep,438065592
fwxuqjawlpjpox,1079477329
yodqr,1832856862
ulyuvh,416597841
rwbcph,1859647081
ibnnhanm,1215671286
janborywva,755299653
givnpmfuygpfgkd,1614744614
egq,769213489
ydktfimhy,1046383938
ptsylu,1855746617
ldzelcpxltaalze,209769468
vdq,308113767
cjvsfrwflcnl,1596500991
nnemdfdzu,1050342897
evgazglkkswnmxq,1911537944
lofgn,587625023
umd,1078053296
qshhehocg,1795112447
nlx,1419249293
pjszurs,1511023371
dygeqa,1410307256
ekfrcpirhxjzrtrx,1431632618
hmwfbvjcdexsjv,1816508311
q,726380822
g,1828483206
ylhyo,1519286989
a,1246673945
fogcccrrgmrv,1407018928
aviyutrijmkn,503923419
gxzrucjhkf,360053367
t,525936062
gtffmr,1701998901
coj,1162716137
ntvxeynx,1289988924
syxcbpjiznnw,1504831719
krgfuhlqj,4912311
bgexnaypsehwmtpw,480238921
ltolxcfajnkeurs,1006134226
zfqefjn,1476719079
qbbzmoendevi,1954247797
wbyhpshkvlrf,1309656743
ewz,116238152
zxcpxphcysxa,361001900
hdniazhqoov,1611988880
bmfkavttdsf,138924159
s,542833737
mfjumzqswuhfu,1943725802
yvcjtqvmveuwz,604300893
gwpnfkrysueuphv,943334477
skh,543153930
fxxcxta,1284607909
umiafxdbmj,1582537898
hh,519060634
xgbucmk,510784723
cdekktyy,1966602305
zmyjmjexpxxwkcfr,1629719048
zlmpmotzadjsjv,57335811
amlqxfkfpi,197770477
o,1762521674
ifzwnri,671990569
dyqlqnndvontmgq,1360763363
pkyerybpsc,86852227
mhrtbj,1017936691
cfmsjuqtuhrsvtnf,219585536
ywzl,1276894186
agci,1489247718
xbpa,1164224107
ovqxveuz,745904215
qjtdffznmlberp,1245211507
tjyaxahtp,1706120059
aiutwaotwibluxif,1240774545
swxn,1843344537
apawoszuueex,1964011916
trmqrnua,286812390
hyqrry,535772216
ufxvwyet,1042287264
gvwgvdqsnyzn,495156600
qjxw,1259674127
ocfdxdnibgzj,275455238
riaeihhi,1422457292
ldcajwdbascuxswb,1098615417
zxuqhpncimwul,219550290
vdxmxjrso,1295348995
qdcblqqikhose,1534411011
crxgnkj,1805253739
onwbhbzke,1519759936
unmzyxieooufb,581908091
mnwcydobiwhpz,810038027
vwevnarte,761387488
ibdqimtgetdx,1883790452
snryiwyaozbts,972471839
zhjtvldmngdstdw,1485876662
im,567104108
vppgtfjp,823166796
cwgioox,1232953697
yenqaqqbsqbwd,43715683
nqvziml,499363284
nmlwkhhi,570476142
ohviutr,1825893635
ieye,231515497
gmfzbieyybrum,879636260
zmggyvbcbgxbqhmb,221357194
fmdpoqptxfemo,1286823908
z,17154085
azegi,1750013210
rlqyryup,984147561
srnufhxgbrjyvev,551993628
rlptm,1813475688
bxgdyrnbeym,1876376486
gkhjzdpbamlrgs,970469004
gwxyxu,1201722179
czasqxtzdvquqnzw,1314152206
xpxt,1883125076
tixbubrvm,1843562494
anwagrj,1187603129
zxnut,1701972956
hwcmeiowxysyxvwh,742430569
mdsrbpuwwdcy,423576327
cjorgaehgutdx,770701219
easikrtvlw,382265323
fstaymxsrc,77997973
rylglk,1157385285
ahojeppyas,1590251695
fawiyuqbicide,138295731
jcdinimpupfyi,1874660490
qtzej,452268191
tzxifrj,994225614
rn,1969277017
oszndk,230972851
sowvbwyoknsurzng,1778422808
hskusez,1122592662
ipgardwtmmz,1940796394
ebbyuyua,267221009
lhksvv,3708908
iyqcgmoj,751957943
fgyeaz,947586625
hivbuoxijfl,1008169069
jzl,1815326931
ixctioplhcthi,527258261
rlzhfoojwss,1176918551
rnsfxkvyytg,44137127
hkwyluayekhqni,514911677
zqya,1904601297
dd,1841527703
i,1603871086
wwzfbnmwflumquz,845703159
tvqbngpcsoxywf,139025455
cdpygbhmzpfzeuh,286034800
lxhrolmqe,742311463
vdsye,265672053
xcivwukkwxteg,1091341314
iulrcgktkomfb,1226678971
je,195570183
amfpupfmbsnj,264740837
yvliyv,753194858
mdcyrguxsvst,459840702
agfs,101668797
vccreyuvgs,474940780
dpozfwfgi,1602424547
sodrzuwpxsoto,1182080254
f,787630751
moleyrxbztufr,1513125541
pj,367646920
dqqitwcfpfwzxlsg,1243945253
pagotyyvshfeipwi,518485087
faurzjmwq,1397651917
gvnvleexcgtghgm,9851092
icnvwq,1994138315
kmccwgrur,125074354
ggndwcdlh,456441137
xkzwjzo,582118518
uxkmyazkevolq,231945168
edkxkrdqfkzx,339850878
risdsmpceg,1448043539
vsdnyvmtfjj,1887638953
fdkcklnmripfpcwc,1531073716
oqc,688434529
xehqgjrvudl,1436497417
phnhjhnfgrmdj,1164559301
yvyhtagfkttuak,904977691
lmkynadjehogoj,447546109
gwnfyjvswwbz,1069261680
zptbodrisjaccy,1946316764
pccky,1346082287
zzzbvrz,1304784483
nvxvxbqizaefgm,863009595
wgwiuwmkaxshv,790034048
txgqlzdakeavc,491287785
ciotogoaujutlfxa,161424179
ukxqkk,652534896
wjqzxsbfgrulhmai,170629954
hb,1337128562
tzl,1011249111
tjetshm,1578737162
kwvcjfnieni,1200923677
gppgwmpyzaq,396296493
ddsstenprssmi,219723790
xjrquqrwcghbm,603549390
amhwjkwtuaiwvr,1690920081
vovlcafzfapx,309689047
tqmllmruilgqlpit,1308345092
fjhbubhkmb,837103106
syce,368793663
niauzavmqhxnwkmw,243963938
xyv,608865419
vbotejznqubour,1582128953
kbgvjfpo,613534619
rmknqh,290469898
rpizxngartbfm,148292575
vqxw,564055413
zcrxqsu,1420368386
rp,1347366278
umdipplqehkw,649099964
cjcijdpmv,1666389290
ymeogacppef,1068767404
xauvktgaudlsvont,1772780816
uwa,1972650852
fasrgbqkxag,1203266359
rhghbwmxzokgtf,1310482836
iiyitmdpvqanjma,1800607741
sewkgkqqcxjuecv,758374786
e,865230597
eugaszdhlpr,1625724465
qyx,206776514
qvmsdg,1500006257
savl,1389367632
flnaxaivdsmhj,1069179762
pqqkcns,1102166904
zvtqlicwkrdgfubd,1095701745
mescfroxrwmgv,1159502269
vwpxybrk,737847346
mieqed,1432228828
wuqeagtf,138904833
njqql,766788262
iaae,78425827
pzziw,1517021861
idhumuiim,512718091
yo,1922814212
aschfwgxttp,1470907728
cibqjrpslardy,265300518
ssdvgmlkz,315747467
qlslilgyfxjm,1167989995
ikcosfxfhzrnpvwp,679501927
bmxpr,1466386253
vfzbqxjukt,914808786
bmsnwg,910174789
qypumz,1763647082
ccksjd,1158674482
qebmebucuvanxfuc,1859067311
kybtzhbxumknkb,1501303465
aghb,593350053
tbfwfrwgvrrv,1936110168
auovuiyarycd,1238494945
yloqmvyfoqulzwf,1239663211
fikpbjhykncj,1932595346
wifyhvct,283038492
imxbptvto,970703572
lgxugqw,1056904790
znkdbcripwh,1005588419
hgdwh,597015005
lvncac,256860629
fs,794991733
bnxrvokxfbx,201343916
limfrvophecmaunb,99387269
tpml,1532773611
qqstsg,8987058
hkhmdujnklo,394797664
khgwfue,1314394069
gcpnlbltuih,1296441890
vkdjrmr,1051266301
cqwfs,1262004762
x,1197703685
puaumfrzezrtcfz,1057259955
uhgiwb,1171640993
gwuxwnirrltxw,1057163286
lh,1620655446
mukzhoqonndefb,1230753631
wwagheajbnahpv,1677436712
iixhogvkqbtry,155161115
bi,1292977245
hyw,1542795913
pwqihpn,1465922264
lti,771619062
oesoktgmtt,1515894653
gbefdop,1978117462
pevrm,1060909486
dzmm,1812837059
excwlmpfq,1410463652
vvypnglxndyrasf,573591702
xfzvpwbdjf,559641671
qlgnpnhcbdtn,1724133048
mfhf,610945554
ivqtontjgsooovpt,674425269
ydw,483987642
doelwgiwtnn,1826395240
fduwouhwjitagt,977745903
uhbfbmcaeazt,1299545987
mkcqmgfo,698177871
pfagspnv,185667934
jqxqpqrwukf,1731114384
rfzettq,453982857
xvikclj,1800437229
cuwse,184696508
dxbt,1830211452
fdezekynkuavqpua,321736113
ntgfeikfxyomcvhe,1926144531
taryhf,1476418543
mgwnfznfoxrkbw,306077765
wibudcpz,1131089671
bwjzkdwmlqvb,231229818
uv,1492931444
mfsigpaukxelcpo,763631764
ykbnas,868481413
nthbgjslroicdahv,408874956
snnx,307575619
kexaccysusljsujw,524571756
idxnh,541023823
ulnxwi,293437786
rqprirxoxqiyrtub,1768791050
ehmnnpxr,1961459397
iuf,1939570847
rllgs,1388764223
kntudjpilkgu,831552938
canscndogmhjyqrh,231717926
xypxfnuxvk,1968729088
bdsapqs,536268371
zzp,1465902744
bfioooz,309130669
aladepg,1648460497
hsc,421315712
cfkusmmblfjgkyj,860039676
nfn,840974336
zrwzucng,27960907
wighrmtdwl,514490289
gfefrkufu,169646203
ouy,439403423
mzezqavn,540632151
twelvctraczp,1036152716
wq,1246480041
sfhzq,1692048303
loxssvym,258243874
bytw,1485689100
ckefowagtgo,1306091281
vtmujntrmoykyo,814427208
ajrqghqchtueu,99532671
k,1213624157
xnslxgcntsxwro,1880149818
obstubkhoiqz,1043656067
fnmmewxipux,846226431
qnlpkbycfsp,1182606208
aqvk,281935117
nvqobjczwzze,866306525
tjhsmmiinlapfefg,1900701446
yirhzlsm,1458653335
ftrfhdkt,1544115881
sloel,1218010339
aycvbjsvwpgh,110583215
du,199343637
seifcvozesmxpg,296839710
rbuqdautwonbf,853214993
ufajdp,1752296890
rdodx,617889624
lrytf,1048743078
puknkqs,471693248
capwjdaaahildq,611008144
bs,1164884686
tmdakhxqgw,1896271174
hmeccikgrtq,347670648
upunb,726807527
gtmcofwnwhssm,1480200019
dnalikymczwsjfax,346964421
eaxs,1399548588
gghyipqldho,1110984575
aax,873709048
tpnogdugyboaib,1814770111
nmmabkbutgjgu,1703123354
zzyhcmst,810214738
qecm,1320836878
rbjqmgouad,1057118886
xn,1734311347
ybtjmqkmuj,692428825
exswhhtrrczs,1230316679
qkfvza,1074754906
xutbnadnjxdi,314048757
nv,346784905
vxrdx,22583955
epmcwialbudkwztg,1335743360
yishsmxdnpvdws,331044506
rabjyums,1642215163
rcfcnjoefk,560388920
cf,1081398393
imepaznw,1449630626
mar,413503965
ptariexihm,586152466
zbwxohsxq,846131211
fhdgb,612423901
wksacepmppghsij,804973989
ifdthxrdarygv,14122861
mmnldidxmwz,660728924
pifegpzvdirbk,465633616
nw,1156388625
ivdgf,1647439689
l,278706449
kjnuejmuuoxnb,259675078
eovtxq,1557694925
asxnfhtuljne,629790098
uhfsmwngn,1949222340
tpjbfturywbacfvw,1271417517
irsyqjq,486973777
eejjw,685904140
qgngs,1328413793
lfnvhq,194529660
iyhsywr,945467212
ttcsvynn,1354031407
h,182206203
psmqbxxn,476551266
wftfutwpxozxmd,393278472
peskefcs,866263374
vxkovlyfp,1042417605
aznx,808484202
exaeila,498625718
iazkbikvugrxaqi,1821916646
hsnihcnbkwox,358238529
qovqbiwm,524540807
tuarwpbwey,1584337121
rgdsgvlqeh,1053200596
vxnrn,1309766382
xentgou,1457011271
tnqwwlomgme,1458389662
otfvql,547935947
utkyiawzvyqchays,1942681571
cnvqzqsrbdhczt,821286372
ayfzvb,172357497
pemiqnhqyjfzeqef,1631562602
zcamkfm,706407394
kxhudabdmdgya,376236252
lzvtnocgjoja,88735146
lb,1454477090
fgifofzbhvq,200578011
hefxqgaw,379033070
rccagngxde,516276103
sxfowb,1915455106
dqpordasa,409100823
hezaduacidwyhyto,499830918
jwxxarapfrcqrec,798020589
vtzjbfshqgp,1998131271
dafrvclimrmmzd,1163116789
kgomaaiyywkpy,895866608
dqoaokii,1269583799
fyduuqjdt,1291002730
uwbtudx,1084833451
joqoraqybzohte,1599213444
dwdcpuihnreqdpsy,1099618025
lkbhv,1569408696
fzbatyuewuedxj,1497987740
vztrwti,68517505
yygpyufevoy,13737090
acdtfladjbxfi,1625471085
ghkzwzm,1840060168
txk,1054775801
xuo,834517767
svuv,1859419839
mbcqrnfdl,1706283724
dnrxploitporlqva,1752215630
hogbdvte,432473394
rqimtvuqlkoqiwkd,791627235
xgshpfdk,1590052493
ueuircbzuf,349058290
ysujlgzmlznpp,356854002
neauxye,1665961050
mbkbyrqxuxksb,1310036065
ldorw,997258787
qagz,297069667
elcrap,1384945585
ba,10200455
xqwrrifoilonbpbw,1666690496
jjsqd,883851172
mnjz,339675785
ygldp,1066627525
zaxun,100417847
qzmvs,927345097
jdpoijvqgdhfxh,222279408
xw,1410930880
lbw,1207381765
puwjkauhabezhh,896668157
xtgcte,29017300
zxy,3147560
qlrfsimhn,696156009
wzbxufapwzqcv,1613436606
bcsnkbgdsqofea,316740492
bwtig,271651625
puiofpsdcw,1427041495
eaomauwkrqepckk,183091826
mhpudtlae,1107670813
msycu,504858115
kv,1573510778
zvvbzpnrfoyqag,1023166163
jhdoriuoimmrxs,51824621
axixuzxroaaqaw,239294538
qwnkwzw,1844371487
mdgrjyeistki,1689562915
ppmixrzdvzrm,1487998941
zknhict,1917727071
ahphxke,128486284
bytfonzumr,1278536926
baxflocinaevq,1563271442
svdbvdrgjqqbrtz,1433345584
wdwglrhszl,1009256213
mqjxbdfx,515918908
wj,512338538
tw,484744491
woawyilcnd,1906157293
hneldu,1569276983
kcaiwh,1579953590
cvn,518150456
iotiqpvschyvk,1085585367
urqlpdteggpo,8562869
om,55834578
rdulihrvbwieflel,1393143621
vsmqgtcto,237091681
eucdxas,1446038768
rupnwdqldph,1016956058
kotnsiwhcbqltp,882106486
laheedn,171856987
nvugapormqbcdcz,1937220457
mgssfmjwu,1762370620
isfkkpcapdjzxcoh,1546334534
tqfpymczijsudat,604211930
zs,107170039
qdxdalialskjgiqb,1619673434
frylvruzfuhzzi,612517238
qamgajzpmtybf,330487115
xnavfl,891090079
svctfstqcousbipp,1586487675
xv,350116889
lre,1134983255
drlvodrrvqmcr,977069418
iamsbipwxy,1679078995
qil,367328944
ljt,1860102226
ccphmdcgjxojxzg,1275835137
ytk,78910445
wqyifzlv,1957214373
hcyskfll,904256229
lmyuywbmjxwk,1053492646
pcpui,813165975
rhshbmeczhnnir,299764622
jv,741596119
mxqgirskfev,1870860255
fptwwms,965772216
zosn,1963755506
mlprngzwaidlckig,1951318002
hzqld,578436866
ucgwkyieavyuoc,604142538
mrcgcqcrmqiqxj,1039590642
cndjmbp,1393411981
znkfbnio,1493504195
ivx,728142241
zwgbgfr,1790229297
mihiudheescb,918351453
oe,1936742634
ounjkdrqungky,175962857
xyugcywxenmprfd,87082299
qtbqf,120911110
bnows,1678209906
gld,1363448218
cqnz,1993942573
kqxflhji,283493793
r,693185579
szsn,262586019
vme,50066117
gmnbnlqm,648757790
lelpqqmgyv,468209098
jk,175045743
ealqqknfyixxngjy,1892370079
kwnmnylnwesmxab,289776921
bmxtzkdmxenlyvx,991606341
rvrhynbayvuqiw,1702309742
ordl,898945868
bwj,797758054
vaxrapmekisb,1938651633
dgnwldeh,99476235
nxrsvlaxifqkwl,819091368
nvvyo,273406962
gmlosq,1013723036
rmhexnou,296721648
yzlershxygt,1543150649
rbdqxtqktrcl,1629854485
huxhu,1246700387
bxkcyuhmalzivlf,1373349566
bqfgemgeivj,1454883278
owtzmfa,892267813
hyqwryxb,1988601766
myxubwnrbrhf,515430341
zvrgrnjf,1959830456
sfn,1846208712
ozrx,106231735
jysmwcuzpm,1797426520
sfnzmizclm,1446040433
wsuilxhvyrqkv,1197423554
eltpuga,613444722
eoayvie,265059703
ibxewi,748936007
puvmsrkyubnk,558994477
qmmnmqzuzcl,1105473494
qxfnlvhmeckkab,1121667919
dpyjqhdp,42180207
gpt,1339565302
snlsaplrte,288668758
apufmobfefcomuvi,1581231132
xucontzdlwdmxh,719090848
fkgmnwo,480043620
qkfil,523684744
ujicemhykdzysgc,1529329743
jeucooqxlljcwaje,582479371
zaxbmv,1003780409
rukcqxclqwlhz,1072203239
xnkueqezdjeqh,824244382
ggpfob,406725487
kzovij,1838216338
wnxsxzubh,659185366
ct,1643615423
xefhwgudchvlin,738214251
mnwzwsnhs,1758008196
kygo,1784273584
xuhixjs,1206474914
nnat,1754909452
tfqxwhvlcpzvg,1214482411
qtibkpztla,1008531679
gwzgo,297669503
gbcsphyralrhnyf,1718178030
xylxtidrhueyy,1413499777
jumvccfim,567852057
fefzup,1451183121
pqowh,247708152
qm,270396736
es,1659890895
ckmquvfocqubvsah,1976952
kaqigjoete,1698941365
zxzm,1799103116
oop,90289365
mxsnupb,972670133
oma,650009294
hgjwvjbhhhvwvfle,539384519
qwewpefhqgxdr,1088005973
wfybrc,1151569108
wckpdxwwtbeb,1567857586
ptuvvyhbafwl,1304707903
dvwvymucxpju,673586186
lkmmovkijck,1672157621
zvxwbjsaye,1361966525
pyvhsdvpqyu,415610508
nyuxnbdn,761170568
fjlonkgwfheax,997392476
rtumrduatnihr,1712696597
heuvawsolwajvi,1809772816
palpmbbce,1413395883
fmhf,459147277
quey,705461203
txolukjripqli,237673261
spfc,439152122
dsmo,1377453271
hvziwyjrvn,545094471
yrlinbgpazajtb,1800144488
hglgbauvdmwl,41990165
aiqyzmrumt,1195331370
agtwbd,1781988348
bhionfsaixl,1525573030
rlisskgjxxxf,375616311
hoe,1793321774
hlkpa,1560514082
voqacyxpw,1471803446
peknqlqd,481203284
vxnpae,1588985583
czdh,125480915
wmlkbjbnsekftz,1521155219
dnithkiamwisdht,942284213
eiryuehgtjvctvm,1625000663
bgfkzdqefb,1339257583
nfu,1356761246
pbuyzc,262228401
mkgvuk,925752885
hnabusbqleojrr,144852598
zmmgjpkuyqhyrpk,928959996
keydhi,1279070526
tmvacse,556683469
owislkkj,257109780
mpttoyodwnj,1850053264
romanzjo,1278524388
qcmpttowugwags,1143208501
rr,1380835275
df,422247870
uhulntfty,581723173
awnjfiymwy,1521992041
wqixkdy,1565521986
hpcdg,244855346
bfpjxirmirapxdf,52763151
xpfnnzgsxqyfyy,1142402888
bjwgdj,1161638094
bl,466342810
xcrifuxwkylxjyws,223801335
nydwmrqwy,1070872557
ldoici,677416810
ebcprbc,781723618
mra,988345321
zvflqryliacdp,1103177657
hkyihjxtudmlwl,1152650035
vyu,288271429
wakuzfupinnxm,1718831727
vuncmqjbi,655116833
hnxtsnv,290007081
zvkacpktskoaxh,44893049
w,581390383
nalgcbxxedwa,1469190662
pcnndzrnbfvcnkh,576801609
sqhqrmnn,268633997
cdjqkypo,254048048
mhdlifiiijxz,983190458
un,1059930068
rmaefwlpnmgjo,174527211
llmucsnwbftmqob,51055518
czom,754558951
qg,85751498
xnlxwceqiop,481737490
ws,710762750
szxmlmpbiorugr,721736913
npzbhqryycvu,1642627870
arpxvilt,1933244997
ydifgemjx,437739228
wocwmxoozclu,595087211
phknlfcq,1163541767
spbhldo,105437437
canefwc,402841351
cty,568012216
bpkhewgrgcvenyo,1289714547
lu,1575676003
mwetluvf,1396848871
hlmthqovgckfd,600259170
qafyukculyriyn,432622511
yayuzkihxovtlcev,1540789393
ki,1511318691
zqv,867815981
wuwofhwr,434314486
xpftgdyxmcyegwy,328041906
ml,1269164737
qcnbrlydjnxiffzo,500810116
smsh,1699761752
halzljscgccphkq,1714801810
fihgczt,897216254
ldwhwgyvn,62718716
pbdqciitu,319186371
hcfnisbrcqp,951621124
zxuh,1921782817
jeqvbkbjyepz,958652974
nelbpqv,1714506818
vcnnyktcuon,1870532638
keefgiydstknq,1326911448
ooefxuogjpsta,559506783
arvrzplgblqezuxz,1229259914
cpkvpfbxnalgkgkz,1052676835
up,897210485
yvhkiqljprwv,574776003
nqftl,1001353696
yefpjt,931870400
vkrq,1441496423
mrkvgoh,690722132
oibrljn,226600323
wqrgufit,165418168
mftqdcblhncik,1905883106
ijekuzvwcpwmcymr,1580851294
yszuye,198238512
dewpqkjyl,958026374
bkaerg,1250718682
knqojn,1759425618
baibrflkfnwujp,1235032438
devfmerawmu,458094159
ymjhwqqyqxju,1531482740
cyibjsr,1797217716
trnfjypzcsuce,1090679050
txnbfs,714146832
vswhcj,1738558711
wwbgvkiswe,1829544721
fv,786958309
hvqrdhepjgni,1047291869
cgtv,1384156534
vjaqbuffnshldy,81219468
ryeomplgvyjko,600410489
isqpkhsmegi,1939797402
wjesesubxtmzjov,762185714
cchqxrmzdnottnvv,1840909465
yvqeuqikwq,235724041
qqq,1669040448
hfsosjqckfncuhqj,313708060
pcjhlbyfremeacoc,556643460
bwcyfxceika,555931644
uxa,887037946
mgdggluv,1278381269
nbknqxiooltkfqc,26883176
jxzqyjheg,788161947
bn,1936704686
ttmzduk,278725441
wy,1218303130
sretrgnew,890312952
jraheihlvuhxdoh,1828814068
fcbqflaljcmlxqx,899522792
u,842398173
nkmzqcj,1236667117
jmjlao,892990875
lawhroiqe,1873382217
ybhje,565950650
affjhe,1924346398
ngwakzcpvlbr,69189312
pylqlxhxl,1417456888
jghytdohonxfgssy,98047266
utgqx,739286101
dzgwtkw,1923070857
cmznrhxkd,1541412561
osku,1572356485
wbgc,552855963
nudrozfjqmf,1010108998
whtvxqcysoh,741512281
mstduyxi,614857223
cvhbkwgscirlacnf,1536365913
haylunnvlborbtx,1853522486
izamzkoeulnclgqe,273290731
berrstycltpvoqv,334095076
ivvbasb,1743771034
jxxi,1701010767
fgrbjfhasy,836035805
mamdzkrf,500979351
guycjggrnx,1442513240
etbgfwnv,746994263
ypaxrsqpndpg,879412453
is,616412853
uxchkuvqkhebwbjt,119786951
cvdwobow,1605107895
hhiyi,1041269725
kn,1601824032
gbawxm,546965110
zfixwwq,1263631936
cfatfyvs,95732224
yiy,175295436
mqoovwyjml,534920124
su,1483987190
fx,1647969141
sdgf,522999072
wuwnwndgelklq,1612678598
pbcufyemvtkpe,321191450
rybqjxzidwivk,1020065538
kmkfnxjkqk,1551959297
nfltby,717849916
fyeunj,1210075766
cvqba,1985795737
aubucmjohi,933441329
cgssyon,104980262
ktdtpfibmrm,1406338080
ssualifckplo,1926578024
xronhvcrohhpq,354549883
bcas,1424908086
bpaxpa,314043316
qialtewliksrkrcy,539343467
qgqueaxaigjzlgwl,971373181
injbmwetcijex,1144470457
iqckgzjpnwjg,962500537
mlbzumaqptpztk,1591769849
oqks,933198883
cxymzzwrqronhor,793765529
ygnark,1718516511
xqdmwdznairex,1383086738
dn,960945835
j,748866313
pv,413369021
teynzhvpqnm,755007195
daiw,1594735619
mmnqlzbs,1903857624
tcqmebtah,1605052442
juvhiaboleaimr,1976126953
vypxub,7362122
rmgst,1856682198
bnjmbsbarddrwv,149601866
omwuyowjzbcjncs,731279405
iidznhexedpf,1055131554
